{"ContentRoots":["C:\\Users\\william.chenevert\\OneDrive - KnowledgeLake\\Documents\\Summer Internship\\Star-Scientist\\wwwroot\\"],"Root":{"Children":{"fonts":{"Children":{"BarlowCondensed-Black.ttf":{"Children":null,"Asset":{"ContentRootIndex":0,"SubPath":"fonts/BarlowCondensed-Black.ttf"},"Patterns":null},"BarlowCondensed-BlackItalic.ttf":{"Children":null,"Asset":{"ContentRootIndex":0,"SubPath":"fonts/BarlowCondensed-BlackItalic.ttf"},"Patterns":null},"BarlowCondensed-Bold.ttf":{"Children":null,"Asset":{"ContentRootIndex":0,"SubPath":"fonts/BarlowCondensed-Bold.ttf"},"Patterns":null},"BarlowCondensed-BoldItalic.ttf":{"Children":null,"Asset":{"ContentRootIndex":0,"SubPath":"fonts/BarlowCondensed-BoldItalic.ttf"},"Patterns":null},"BarlowCondensed-Light.ttf":{"Children":null,"Asset":{"ContentRootIndex":0,"SubPath":"fonts/BarlowCondensed-Light.ttf"},"Patterns":null},"BarlowCondensed-LightItalic.ttf":{"Children":null,"Asset":{"ContentRootIndex":0,"SubPath":"fonts/BarlowCondensed-LightItalic.ttf"},"Patterns":null},"BarlowCondensed-Medium.ttf":{"Children":null,"Asset":{"ContentRootIndex":0,"SubPath":"fonts/BarlowCondensed-Medium.ttf"},"Patterns":null},"BarlowCondensed-MediumItalic.ttf":{"Children":null,"Asset":{"ContentRootIndex":0,"SubPath":"fonts/BarlowCondensed-MediumItalic.ttf"},"Patterns":null},"BarlowCondensed-Regular.ttf":{"Children":null,"Asset":{"ContentRootIndex":0,"SubPath":"fonts/BarlowCondensed-Regular.ttf"},"Patterns":null},"BarlowCondensed-SemiBold.ttf":{"Children":null,"Asset":{"ContentRootIndex":0,"SubPath":"fonts/BarlowCondensed-SemiBold.ttf"},"Patterns":null},"BarlowCondensed-SemiBoldItalic.ttf":{"Children":null,"Asset":{"ContentRootIndex":0,"SubPath":"fonts/BarlowCondensed-SemiBoldItalic.ttf"},"Patterns":null},"BarlowCondensed-Thin.ttf":{"Children":null,"Asset":{"ContentRootIndex":0,"SubPath":"fonts/BarlowCondensed-Thin.ttf"},"Patterns":null},"BarlowCondensed-ThinItalic.ttf":{"Children":null,"Asset":{"ContentRootIndex":0,"SubPath":"fonts/BarlowCondensed-ThinItalic.ttf"},"Patterns":null},"GreatVibes-Regular.ttf":{"Children":null,"Asset":{"ContentRootIndex":0,"SubPath":"fonts/GreatVibes-Regular.ttf"},"Patterns":null}},"Asset":null,"Patterns":null},"images":{"Children":{"Blue Star.jpg":{"Children":null,"Asset":{"ContentRootIndex":0,"SubPath":"images/Blue Star.jpg"},"Patterns":null},"Brown Dwarf.jpg":{"Children":null,"Asset":{"ContentRootIndex":0,"SubPath":"images/Brown Dwarf.jpg"},"Patterns":null},"favicon.ico":{"Children":null,"Asset":{"ContentRootIndex":0,"SubPath":"images/favicon.ico"},"Patterns":null},"Galaxy.jpg":{"Children":null,"Asset":{"ContentRootIndex":0,"SubPath":"images/Galaxy.jpg"},"Patterns":null},"guy.jpg":{"Children":null,"Asset":{"ContentRootIndex":0,"SubPath":"images/guy.jpg"},"Patterns":null},"sun.png":{"Children":null,"Asset":{"ContentRootIndex":0,"SubPath":"images/sun.png"},"Patterns":null}},"Asset":null,"Patterns":null},"index.html":{"Children":null,"Asset":{"ContentRootIndex":0,"SubPath":"index.html"},"Patterns":null},"libraries":{"Children":{"knockout.js":{"Children":null,"Asset":{"ContentRootIndex":0,"SubPath":"libraries/knockout.js"},"Patterns":null},"perlin.js":{"Children":null,"Asset":{"ContentRootIndex":0,"SubPath":"libraries/perlin.js"},"Patterns":null}},"Asset":null,"Patterns":null},"scripts":{"Children":{"canvas.js":{"Children":null,"Asset":{"ContentRootIndex":0,"SubPath":"scripts/canvas.js"},"Patterns":null},"constants.js":{"Children":null,"Asset":{"ContentRootIndex":0,"SubPath":"scripts/constants.js"},"Patterns":null},"core.js":{"Children":null,"Asset":{"ContentRootIndex":0,"SubPath":"scripts/core.js"},"Patterns":null},"dependencies.js":{"Children":null,"Asset":{"ContentRootIndex":0,"SubPath":"scripts/dependencies.js"},"Patterns":null},"input_manipulation.js":{"Children":null,"Asset":{"ContentRootIndex":0,"SubPath":"scripts/input_manipulation.js"},"Patterns":null},"mapStarController.js":{"Children":null,"Asset":{"ContentRootIndex":0,"SubPath":"scripts/mapStarController.js"},"Patterns":null},"math.js":{"Children":null,"Asset":{"ContentRootIndex":0,"SubPath":"scripts/math.js"},"Patterns":null},"noise.js":{"Children":null,"Asset":{"ContentRootIndex":0,"SubPath":"scripts/noise.js"},"Patterns":null},"Star-Scientist.code-workspace":{"Children":null,"Asset":{"ContentRootIndex":0,"SubPath":"scripts/Star-Scientist.code-workspace"},"Patterns":null},"stars.js":{"Children":null,"Asset":{"ContentRootIndex":0,"SubPath":"scripts/stars.js"},"Patterns":null},"utility.js":{"Children":null,"Asset":{"ContentRootIndex":0,"SubPath":"scripts/utility.js"},"Patterns":null},"view_model.js":{"Children":null,"Asset":{"ContentRootIndex":0,"SubPath":"scripts/view_model.js"},"Patterns":null}},"Asset":null,"Patterns":null},"styles":{"Children":{"formatting.css":{"Children":null,"Asset":{"ContentRootIndex":0,"SubPath":"styles/formatting.css"},"Patterns":null}},"Asset":null,"Patterns":null},"views":{"Children":{"contact-page.html":{"Children":null,"Asset":{"ContentRootIndex":0,"SubPath":"views/contact-page.html"},"Patterns":null},"game-page.html":{"Children":null,"Asset":{"ContentRootIndex":0,"SubPath":"views/game-page.html"},"Patterns":null},"html-testing.html":{"Children":null,"Asset":{"ContentRootIndex":0,"SubPath":"views/html-testing.html"},"Patterns":null},"js-testing.html":{"Children":null,"Asset":{"ContentRootIndex":0,"SubPath":"views/js-testing.html"},"Patterns":null},"main-page.html":{"Children":null,"Asset":{"ContentRootIndex":0,"SubPath":"views/main-page.html"},"Patterns":null}},"Asset":null,"Patterns":null}},"Asset":null,"Patterns":[{"ContentRootIndex":0,"Pattern":"**","Depth":0}]}}